C01_Blood_control	C01_Blood_control	8622	8622		1000	nan	nan	0	0	0	0	0	7497	7292
C01_Blood_control	C02_Blood_control	8622	6735		1000	1467.7644398051496	6735.0	0.9998692135563798	1.0	0.9970781133701703	0.9996747843445978	0.9999177624962718	1	21
C01_Blood_control	C01_Tissue_control	8622	20489		1000	8622.0	2224.4078285909513	0.9516717797822101	0.9486597331354406	0.9437657082462669	0.9444671142655149	0.9133847982691502	323	383
C01_Blood_control	C04_Blood_control	8622	16756		1000	8622.0	2072.140964430652	0.9993807473372022	0.9991912926352066	0.9921239924099982	0.9959765050723176	0.9994891635468782	5	77
C01_Blood_control	C02_Tissue_control	8622	28274		1000	8622.0	2452.973332390182	0.9993023539123453	1.0	0.9936879159414771	0.9987841412789343	0.999732980812204	7	71
C01_Blood_control	C03_Tissue_control	8622	37502		1000	8622.0	2590.370486907365	0.9997383561496149	1.0	0.9946042718490579	0.9989248514543484	0.9999188805010928	4	71
C01_Blood_control	C04_Tissue_control	8622	41880		1000	8622.0	2378.8732091690545	0.9995221642658849	1.0	0.9926409563235806	0.9990508925849657	0.9999025422281589	7	119
C01_Blood_control	P01_Blood_mild_disease	8622	7454		1000	1624.4567385757364	7454.0	0.9993754171911039	0.9991767744172446	0.9938941399235307	0.9969216381489466	0.9993830524748925	3	39
C01_Blood_control	C03_Blood_control	8622	95257		1000	8622.0	437.1779501768899	0.9994659125025134	1.0	0.990251100654792	1.0	0.9998709659001769	13	253
C01_Blood_control	P02_Tissue_mild_disease	8622	24772		1000	8622.0	3308.951800419829	0.9999355833556717	1.0	0.9944096874549654	0.9985920249286006	0.9999982687994814	1	62
C01_Blood_control	P02_Blood_mild_disease	8622	22352		1000	8622.0	1179.1989083750896	0.99944745588337	1.0	0.9929197587636865	0.9991407900794507	0.9997963929744265	6	80
C01_Blood_control	P04_Blood_moderate_disease	8622	19987		1000	8622.0	369.6930004502927	0.999926707445441	1.0	0.9939646929860753	0.9996299029674154	0.9999611375798538	1	70
C01_Blood_control	P01_Tissue_mild_disease	8622	58157		1000	8622.0	547.2050140137902	0.9998677624760096	1.0	0.9917336869747784	0.9993396129987374	0.9999418405035487	3	157
C01_Blood_control	P03_Blood_moderate_disease	8622	140571		1000	8622.0	5061.532492477111	0.9997283765170735	1.0	0.9947962127178016	0.9999999999999998	0.9999957717443833	9	184
C01_Blood_control	P03_Tissue_moderate_disease	8622	96430		1000	8622.0	1419.862698330395	0.9996527668607178	1.0	0.9899976083671588	0.9993059674652854	0.999935609897338	10	225
C01_Blood_control	P05_Blood_moderate_disease	8622	16115		1000	8622.0	2561.186099906919	0.9988353585522713	0.9983171402468474	0.991947635311778	0.9963814702382175	0.9996154348491026	8	72
C01_Blood_control	P05_Tissue_moderate_disease	8622	45102		1000	8622.0	3136.471863775442	0.9990883659691485	0.9995552747649229	0.9927307911298874	0.9983791508063568	0.9997820152421475	9	102
C01_Blood_control	P04_Tissue_moderate_disease	8622	77738		1000	8622.0	1090.2552162391623	0.9995187245252064	1.0	0.9918443525258661	1.0	0.99954818289469	8	160
C01_Blood_control	P06_Tissue_moderate_disease	8622	46182		1000	8622.0	3117.4517344419905	0.9994771290255029	0.999734800300335	0.9940121844784033	0.9990636523721089	0.9999030119164991	5	87
C01_Blood_control	P08_Blood_severe_disease	8622	2190		1000	104.39457202505218	2190.0	0.9993652663472419	0.9977524746185387	0.9965288422063726	0.9961832493124764	0.9990413750776659	1	11
C01_Blood_control	P07_Tissue_severe_disease	8622	74498		1000	8622.0	3077.500093962254	0.9988050892181269	0.9993332451344464	0.9920329876273377	0.9976325748559242	0.9997610115605916	16	141
C01_Blood_control	P06_Blood_moderate_disease	8622	123551		1000	8622.0	1244.195821968256	0.9997503194820515	1.0	0.9906360557634395	1.0	0.9999439286079675	5	270
C01_Tissue_control	C01_Tissue_control	20489	20489		1000	nan	nan	0	0	0	0	0	14453	13765
C01_Blood_control	P09_Tissue_severe_disease	8622	64693		1000	8622.0	3122.6478908073514	0.9997634516838756	0.9999999999999998	0.9929490624527214	0.9989693917809308	0.9999948558482857	4	122
C01_Blood_control	P07_Blood_severe_disease	8622	110134		1000	8622.0	762.1186009769917	0.9991021765699631	1.0	0.988708685737413	0.999702414530066	0.9996374108141106	21	308
C01_Blood_control	P08_Tissue_severe_disease	8622	96813		1000	8622.0	2538.606488797992	0.999974206889176	1.0	0.9932394104032589	0.9993510738750828	0.9999983778140766	1	158
C01_Blood_control	P09_Blood_severe_disease	8622	56652		1000	8622.0	1163.2059944926923	0.9996538873973748	1.0	0.9921415688317665	0.999545660013198	0.9999658975003084	6	150
C01_Tissue_control	C02_Blood_control	20489	6735		1000	1336.2182146517644	6735.0	0.9995623092834076	1.0	0.9951731661609794	0.998213318274327	0.9997778746160031	4	43
C01_Tissue_control	C02_Tissue_control	20489	28274		1000	20489.0	10566.973120181085	0.9992652032111068	0.9991658103454429	0.9925899741696659	0.9956696416464204	0.9998216956330236	9	118
C01_Tissue_control	P01_Blood_mild_disease	20489	7454		1000	1923.0730635951	7454.0	0.9987807397720747	0.9987724838477405	0.993175543251581	0.9981692898789655	0.9985662459256541	9	68
C01_Tissue_control	C04_Blood_control	20489	16756		1000	6951.339743276881	16756.0	0.9997202067850298	0.9996785296522006	0.9922727204566556	0.9961128994821519	0.9998742725193469	3	106
C01_Tissue_control	C03_Tissue_control	20489	37502		1000	20489.0	10743.312250013332	0.9997440097803899	1.0	0.992212325250732	0.9955177108083121	0.9999421922258507	4	141
C01_Tissue_control	P02_Blood_mild_disease	20489	22352		1000	20489.0	6455.978301717967	0.9995827179161886	1.0	0.9913538659146435	0.9964942125103393	0.9999251441278049	7	138
C01_Tissue_control	C04_Tissue_control	20489	41880		1000	20489.0	7252.362368672398	0.9994873790029918	0.9999999999999998	0.9916515605506053	0.9981476865127805	0.9999379104697318	11	179
C01_Tissue_control	P02_Tissue_mild_disease	20489	24772		1000	20489.0	11168.374253189084	0.9997348724574487	0.9999204583929874	0.9942764428858724	0.9975528072684205	0.9999942810298714	5	96
C01_Tissue_control	P01_Tissue_mild_disease	20489	58157		1000	20489.0	3693.9175851574187	0.999814770361258	1.0	0.9890461020799453	0.9967937506243867	0.9998888461917553	5	280
C01_Tissue_control	C03_Blood_control	20489	95257		1000	20489.0	1543.0686038821293	0.9993850442518792	0.9999999999999998	0.988202378708955	0.9997337362736671	0.999925355767104	20	404
C01_Tissue_control	P04_Blood_moderate_disease	20489	19987		1000	8291.741910293327	19987.0	0.9998517576540141	0.9999999999999998	0.992079021948441	0.9958376332820992	0.9999635372363964	3	119
C01_Tissue_control	P05_Blood_moderate_disease	20489	16115		1000	6685.416564986091	16115.0	0.9988862792120131	0.9990301419321727	0.9907310537754273	0.9943164240480475	0.9997736747791015	11	115
C01_Tissue_control	P03_Blood_moderate_disease	20489	140571		1000	20489.0	12482.648974539556	0.9996803684068991	1.0	0.9934092645029658	1.0	0.9999972033188648	13	297
C01_Tissue_control	P03_Tissue_moderate_disease	20489	96430		1000	20489.0	4965.336938712019	0.9995983443357949	0.9999090201902859	0.9893806483841748	0.9987230985196727	0.9999437840412276	13	347
C01_Tissue_control	P04_Tissue_moderate_disease	20489	77738		1000	20489.0	5659.526833723533	0.999577896444859	0.9996363250476886	0.9897908916567153	0.9970992367541818	0.9998299805488824	9	290
C01_Tissue_control	P05_Tissue_moderate_disease	20489	45102		1000	20489.0	10122.752583034011	0.9989803935870347	0.9993787686102152	0.9905599645786012	0.9963272354244574	0.9998895266892356	18	181
C01_Tissue_control	P06_Tissue_moderate_disease	20489	46182		1000	20489.0	9712.554415140097	0.9995144972283003	0.9997445064154483	0.9931830068959583	0.9971659276831547	0.9999617281231142	10	132
C01_Tissue_control	P08_Blood_severe_disease	20489	2190		1000	236.8607545512226	2190.0	0.9996278197229205	1.0	0.9976059434700766	0.9999999999999998	0.9996387676218345	1	13
C01_Tissue_control	P07_Tissue_severe_disease	20489	74498		1000	20489.0	10083.333874734892	0.998580313136776	0.9989992383211612	0.9881192315288625	0.9943648881341648	0.9998460324223902	30	259
C02_Blood_control	C02_Blood_control	6735	6735		1000	nan	nan	0	0	0	0	0	6212	6083
C01_Tissue_control	P06_Blood_moderate_disease	20489	123551		1000	20489.0	3382.0257707343526	0.9997126646665655	1.0	0.9882843222792167	0.9995506432341592	0.9999810715877993	11	447
C01_Tissue_control	P09_Tissue_severe_disease	20489	64693		1000	20489.0	9759.140030606093	0.9994785229393662	0.9999244371157502	0.9907693012265938	0.9963197168511578	0.9999923376235946	11	212
C01_Tissue_control	P09_Blood_severe_disease	20489	56652		1000	20489.0	3679.571524394549	0.9995563552500453	0.999536660485821	0.9881168278525437	0.9956958496538055	0.9999665197545422	9	273
C02_Blood_control	C02_Tissue_control	6735	28274		1000	6735.0	1635.0371365919218	0.9609288231421786	0.973620882858654	0.9544060376062917	0.9730096859731978	0.9607906915001037	306	368
C01_Tissue_control	P08_Tissue_severe_disease	20489	96813		1000	20489.0	8053.127451891792	0.999820806932534	0.9999999999999998	0.9895726150389256	0.9975695521258765	0.9999910671667548	7	321
C01_Tissue_control	P07_Blood_severe_disease	20489	110134		1000	20489.0	2492.1517787422595	0.9992545341769296	0.9995560866987538	0.9849205330399677	0.9969378748111207	0.9998052817828826	22	510
C02_Blood_control	C04_Blood_control	6735	16756		1000	6735.0	446.561530198138	0.9997300934813081	1.0	0.9945479039325394	0.999301551992048	0.999765379707577	2	49
C02_Blood_control	C03_Tissue_control	6735	37502		1000	6735.0	1858.2220948216095	0.9999335658082765	1.0	0.9953847517262994	0.9997064843826586	0.9999847530506724	1	61
C02_Blood_control	P01_Blood_mild_disease	6735	7454		1000	6735.0	1403.200295143547	0.9995220981821762	0.9996555710554554	0.9960130514083193	0.9982081991443227	0.9996251829491648	3	24
C02_Blood_control	C04_Tissue_control	6735	41880		1000	6735.0	1591.1196275071634	0.9999499826979149	1.0	0.9941667991755311	0.9995707691706767	0.9999928677859676	1	87
C02_Blood_control	P02_Blood_mild_disease	6735	22352		1000	6735.0	773.7777380100215	0.9998863539966358	1.0	0.9943880018494999	0.9994529188842192	0.9999611967236792	1	57
C02_Blood_control	P02_Tissue_mild_disease	6735	24772		1000	6735.0	2248.7156870660424	0.9996806635866563	1.0	0.9959408082309215	0.9990538934140525	0.9999888594187573	4	44
C02_Blood_control	C03_Blood_control	6735	95257		1000	6735.0	326.36719611157184	0.9998781760213608	1.0	0.9932696758310059	1.0	0.9999803633548331	4	171
C02_Blood_control	P01_Tissue_mild_disease	6735	58157		1000	6735.0	309.78429079904396	0.999723205973105	0.9999999999999998	0.9938384922529009	1.0	0.9997712155889594	4	109
C02_Blood_control	P04_Blood_moderate_disease	6735	19987		1000	6735.0	288.78245859808874	0.9998383141496279	1.0	0.9947109961005101	0.9990741013866753	0.9997797420159377	1	54
C02_Blood_control	P03_Blood_moderate_disease	6735	140571		1000	6735.0	3915.0592227415327	0.9998922818605583	1.0	0.9967542780963572	1.0	0.9999984933205116	3	111
C02_Blood_control	P05_Blood_moderate_disease	6735	16115		1000	6735.0	1050.2671424139	0.999745270646085	1.0	0.9951830846870344	0.9996339828663326	0.9999471060043631	2	45
C02_Blood_control	P03_Tissue_moderate_disease	6735	96430		1000	6735.0	1017.6883231359535	0.9995681989544496	1.0	0.9936736952269772	0.999654308918332	0.9998273020131975	8	142
C02_Blood_control	P05_Tissue_moderate_disease	6735	45102		1000	6735.0	2280.6894372755087	1.0	0.9999999999999998	0.9956702813222432	0.9992965295198395	1.0	0	67
C02_Blood_control	P04_Tissue_moderate_disease	6735	77738		1000	6735.0	724.8065296251511	0.9999150213644376	1.0	0.9945809868974678	1.0	0.9999593019599711	2	108
C02_Blood_control	P06_Tissue_moderate_disease	6735	46182		1000	6735.0	2282.9173704040536	1.0	1.0	0.9961707345556265	1.0	1.0	0	57
C02_Blood_control	P08_Blood_severe_disease	6735	2190		1000	33.492204899777285	2190.0	1.0	0.9999999999999998	0.9981762423281402	1.0	1.0	0	7
C02_Blood_control	P07_Tissue_severe_disease	6735	74498		1000	6735.0	2147.3022094552875	0.9998392175510513	1.0	0.9942375411170578	0.999660969212824	0.999982810005414	4	101
C02_Blood_control	P06_Blood_moderate_disease	6735	123551		1000	6735.0	944.4732134907852	0.9999540383618772	1.0	0.9931059796521376	1.0	0.999997487497173	2	186
C02_Tissue_control	C02_Tissue_control	28274	28274		1000	nan	nan	0	0	0	0	0	17519	16955
C02_Blood_control	P09_Blood_severe_disease	6735	56652		1000	6735.0	866.7811374708748	0.9998697983936402	1.0	0.9936823815934227	1.0	0.999988168744006	3	118
C02_Blood_control	P09_Tissue_severe_disease	6735	64693		1000	6735.0	2228.204056080256	1.0	1.0	0.9944090689196577	0.9996469658071053	1.0	0	87
C02_Blood_control	P08_Tissue_severe_disease	6735	96813		1000	6735.0	1863.146168386477	0.9999398316638117	1.0	0.9952334532547601	0.9997201279393082	0.9999936459652302	2	118
C02_Blood_control	P07_Blood_severe_disease	6735	110134		1000	6735.0	542.5474422067663	0.9997415568075827	1.0	0.9924130507829654	1.0	0.999907219706894	7	194
C02_Tissue_control	C03_Tissue_control	28274	37502		1000	28274.0	14825.340941816437	0.9997508306412507	0.9999277544962845	0.9924665345168042	0.9962412173567172	0.9999823339131181	6	164
C02_Tissue_control	C04_Blood_control	28274	16756		1000	8641.720025465092	16756.0	0.9996439404285424	0.9996456253950635	0.9924195809338562	0.9950943563071263	0.9999187046251269	5	122
C02_Tissue_control	P01_Blood_mild_disease	28274	7454		1000	2120.6753908184196	7454.0	0.9996127128943703	0.9997289808417233	0.9941501166024137	0.998840514128757	0.9998774681497559	4	64
C02_Tissue_control	C04_Tissue_control	28274	41880		1000	28274.0	13947.966571155683	0.999560698711975	0.9997150956136442	0.9921475365605513	0.996954087577965	0.999351288768198	7	191
C02_Tissue_control	C03_Blood_control	28274	95257		1000	28274.0	2470.12007516508	0.9996949610731614	0.9997999467337617	0.9869406714659564	0.9987632365371155	0.9999783245293714	11	497
C02_Tissue_control	P02_Blood_mild_disease	28274	22352		1000	11527.794581594397	22352.0	0.999491645432035	0.9996575537357737	0.9906391841266109	0.9951816107840206	0.99986534385089	7	164
C02_Tissue_control	P02_Tissue_mild_disease	28274	24772		1000	12775.882577633161	24772.0	0.9994545992172549	0.9994712940992003	0.9927633133416962	0.9966286294657152	0.9999656111776511	6	125
C02_Tissue_control	P01_Tissue_mild_disease	28274	58157		1000	28274.0	5097.458431487181	0.9997652944025669	1.0	0.9882585868418607	0.9973617626639557	0.9999672829301739	8	328
C02_Tissue_control	P04_Blood_moderate_disease	28274	19987		1000	10308.072221829243	19987.0	0.9998603232262221	0.9999999999999998	0.9920530580411788	0.996107242913769	0.999977135168014	3	143
C02_Tissue_control	P05_Blood_moderate_disease	28274	16115		1000	8311.13142816722	16115.0	0.9992648716886392	0.9992750994485948	0.9936377900579656	0.9964075839501271	0.999911850180467	9	97
C02_Tissue_control	P03_Blood_moderate_disease	28274	140571		1000	28274.0	17511.773665976623	0.9996531253139649	0.9999036416131374	0.9907322574259172	0.9971083213714399	0.9999978639393184	15	365
C02_Tissue_control	P05_Tissue_moderate_disease	28274	45102		1000	28274.0	17840.66706576205	0.9994678179036984	0.999626904761372	0.9914846638031535	0.9958727419651359	0.9999611070176136	10	195
C02_Tissue_control	P03_Tissue_moderate_disease	28274	96430		1000	28274.0	7755.045380068444	0.9992716244305301	0.9993388472831211	0.9872484411494499	0.9965572103652289	0.999904812956443	21	433
C02_Tissue_control	P04_Tissue_moderate_disease	28274	77738		1000	28274.0	9816.502354061076	0.9995759281740547	0.9996124533785533	0.9899355485185107	0.9956990040369835	0.9999149058072154	10	298
C02_Tissue_control	P06_Tissue_moderate_disease	28274	46182		1000	28274.0	17806.093629552637	0.9991139412698139	0.9991033693468978	0.9895905529412339	0.9927516105612503	0.9999101000890632	16	201
C02_Tissue_control	P08_Blood_severe_disease	28274	2190		1000	279.1525783405249	2190.0	0.9997544239025637	1.0	0.996681347241808	1.0	0.9998390957798624	1	18
C02_Tissue_control	P06_Blood_moderate_disease	28274	123551		1000	28274.0	5117.884404011299	0.9997808749398539	0.9999999999999998	0.9876851268253527	0.999543150489506	0.99999468606879	11	505
C02_Tissue_control	P07_Tissue_severe_disease	28274	74498		1000	28274.0	15620.191387688259	0.9988388382434418	0.9989828583472364	0.9896814883727902	0.9946388672998879	0.9998679896486359	22	255
C02_Tissue_control	P08_Tissue_severe_disease	28274	96813		1000	28274.0	12122.309937714976	0.9997236157198479	0.9999999999999998	0.9908277732672641	0.9977191452633878	0.9999918704913856	14	323
C02_Tissue_control	P09_Tissue_severe_disease	28274	64693		1000	28274.0	15339.539857480717	0.9996392888344945	0.9999050130143307	0.9907509988699564	0.9959011447969827	0.9999958453245119	11	232
C02_Tissue_control	P09_Blood_severe_disease	28274	56652		1000	28274.0	5077.661441784932	0.9994436254082202	0.9994175113745921	0.9883075311016113	0.9982596278914351	0.9999570355763808	12	319
C02_Tissue_control	P07_Blood_severe_disease	28274	110134		1000	28274.0	4255.707574409356	0.9991530055578158	0.9995230480151857	0.985592484977626	0.9969184085618782	0.9998913516310134	31	557
C03_Blood_control	C03_Blood_control	95257	95257		1000	nan	nan	0	0	0	0	0	78144	74821
C03_Blood_control	C03_Tissue_control	95257	37502		1000	4114.877688778777	37502.0	0.9496593200977066	0.9393558821346141	0.9333281739333371	0.935458039333743	0.9719677189624005	1549	2119
C03_Blood_control	C04_Blood_control	95257	16756		1000	1147.5917150445637	16756.0	0.999773847611919	1.0	0.9851521991469807	1.0	0.9999826749513634	9	495
C03_Blood_control	C04_Tissue_control	95257	41880		1000	4595.250322810923	41880.0	0.9996809163749377	0.999891794073172	0.9841917080626826	0.9974742216326381	0.9999900165818987	17	700
C03_Blood_control	P01_Blood_mild_disease	95257	7454		1000	369.50342756962743	7454.0	0.9996380649344635	1.0	0.990458204572901	1.0	0.9999515191480585	11	226
C03_Blood_control	P02_Tissue_mild_disease	95257	24772		1000	2164.1725437500654	24772.0	0.9996418911717334	0.9998861411870745	0.9872511500032236	0.9979960003193369	0.9999958639328166	15	444
C03_Blood_control	P02_Blood_mild_disease	95257	22352		1000	1683.3749540716167	22352.0	0.9995068988881501	0.9998595741238513	0.984186090681078	0.9990946210193683	0.9999683703318352	17	552
C03_Blood_control	P01_Tissue_mild_disease	95257	58157		1000	16241.24750936939	58157.0	0.9995984715190313	0.9999231863500353	0.9778930221583734	0.9896721800788764	0.9999816819520116	26	1157
C03_Blood_control	P03_Blood_moderate_disease	95257	140571		1000	95257.0	68925.13563252734	0.9996080605392456	0.9998289307085017	0.9839600584039876	0.9938977648890294	0.999883898655824	32	1266
C03_Blood_control	P04_Blood_moderate_disease	95257	19987		1000	1505.2619545020314	19987.0	0.999624706161849	0.9999999999999996	0.9850452211470355	0.9995579569118827	0.9999671869452128	14	535
C03_Blood_control	P05_Blood_moderate_disease	95257	16115		1000	1103.6906474064897	16115.0	0.9993498129607542	1.0	0.9870697885013618	0.9998330795653844	0.9999720251624131	23	412
C03_Blood_control	P03_Tissue_moderate_disease	95257	96430		1000	95257.0	47855.70221922638	0.9994336460869815	0.9997203353125297	0.9763577500071265	0.9886404902576671	0.999963674826865	43	1502
C03_Blood_control	P05_Tissue_moderate_disease	95257	45102		1000	4948.781758820874	45102.0	0.9996689288412834	0.9997608625576254	0.9847056626401054	0.9975422539891815	0.9999906914281278	15	670
C03_Blood_control	P04_Tissue_moderate_disease	95257	77738		1000	21709.546553009226	77738.0	0.9994530961021914	0.9996618219210867	0.9780185254705516	0.9899637749743379	0.999967044354436	33	1234
C03_Blood_control	P06_Tissue_moderate_disease	95257	46182		1000	5067.2839161426455	46182.0	0.9997720939211289	1.0	0.9868904567702064	0.9982859244908951	0.9999901989330982	10	577
C03_Blood_control	P08_Blood_severe_disease	95257	2190		1000	86.21413649390595	2190.0	0.9998757427049904	0.9999999999999998	0.9970843038388962	0.9999999999999998	0.9999458986795403	1	56
C03_Blood_control	P06_Blood_moderate_disease	95257	123551		1000	95257.0	46052.204085762154	0.9994070682062713	0.999639700613313	0.9721884705447659	0.9834274660228765	0.9999935478848606	50	1968
C03_Tissue_control	C03_Tissue_control	37502	37502		1000	nan	nan	0	0	0	0	0	22147	20790
C03_Blood_control	P07_Tissue_severe_disease	95257	74498		1000	20804.726119865205	74498.0	0.9992639052639527	0.9994356351498078	0.9824812060048703	0.9905930648411257	0.9999760555296225	40	883
C03_Tissue_control	C04_Blood_control	37502	16756		1000	6427.705615700496	16756.0	0.9998165517514745	1.0	0.9924923907431336	0.9975522018074128	0.9999813942146384	4	133
C03_Blood_control	P07_Blood_severe_disease	95257	110134		1000	95257.0	32114.44612926072	0.9991651556232816	0.9994388214832066	0.9704465957870173	0.9867939649426294	0.999973036354166	66	2040
C03_Tissue_control	P01_Blood_mild_disease	37502	7454		1000	2056.597994773612	7454.0	0.9999354300980174	1.0	0.9942612732386922	0.9996286680847524	0.9999866748355397	1	78
C03_Blood_control	P09_Tissue_severe_disease	95257	64693		1000	18066.527247341404	64693.0	0.9995910444252939	0.9995617523794466	0.9829840481327887	0.9904610410080094	0.9999959149456896	19	835
C03_Blood_control	P09_Blood_severe_disease	95257	56652		1000	15820.952832862677	56652.0	0.9993368679523508	0.9996560718062707	0.9774677891218538	0.9886177676458657	0.9999879358328532	38	1125
C03_Tissue_control	C04_Tissue_control	37502	41880		1000	37502.0	18500.27029608405	0.9998290861882493	0.9999070599883034	0.9916126562926828	0.9965665489841818	0.9999937990867525	6	237
C03_Blood_control	P08_Tissue_severe_disease	95257	96813		1000	95257.0	59708.6732980075	0.999692467164877	0.999798789240859	0.9795003227474844	0.9893526943809811	0.9999952543652149	23	1266
C03_Tissue_control	P01_Tissue_mild_disease	37502	58157		1000	37502.0	14623.052323881906	0.9997629113880547	0.9998941170015689	0.9875588033094552	0.9941258819066918	0.9999835919034091	9	403
C03_Tissue_control	P02_Tissue_mild_disease	37502	24772		1000	12989.083462215349	24772.0	0.9999537995220567	0.9999388347702767	0.9911781201878306	0.9955587588231454	0.9999992858146641	1	163
C03_Tissue_control	P02_Blood_mild_disease	37502	22352		1000	11720.167671057543	22352.0	0.9998831693660281	0.9999349844645875	0.9899239789202643	0.995010376642422	0.9999928428508679	3	207
C03_Tissue_control	P04_Blood_moderate_disease	37502	19987		1000	10480.090875153324	19987.0	0.9998570404624676	0.9999999999999998	0.9917824395300682	0.9962727657503491	0.9999883801548123	4	175
C03_Tissue_control	P05_Blood_moderate_disease	37502	16115		1000	6181.814036584716	16115.0	0.999643628028771	0.9998834431845702	0.9912916272375117	0.9980351558162286	0.9999789338728384	7	154
C03_Tissue_control	P03_Blood_moderate_disease	37502	140571		1000	37502.0	23511.08163134644	0.9998530594981639	0.9999657481925679	0.9922397432231977	0.9991276306312923	0.9999996379323344	10	414
C03_Tissue_control	P04_Tissue_moderate_disease	37502	77738		1000	37502.0	13020.38874167074	0.9995842227937443	0.99983375422222	0.9880237944041026	0.9958091733238204	0.9999668151218589	15	399
C03_Tissue_control	P03_Tissue_moderate_disease	37502	96430		1000	37502.0	12250.860748729649	0.9994439444109602	0.9998213349401122	0.9867997539574053	0.9962016672179242	0.9998937950346224	20	514
C03_Tissue_control	P05_Tissue_moderate_disease	37502	45102		1000	37502.0	23663.460999512215	0.9995385724013494	0.9996866571205589	0.9913222109617627	0.9952537839278274	0.9999830151600665	13	225
C03_Tissue_control	P06_Tissue_moderate_disease	37502	46182		1000	37502.0	23617.60356848989	0.9998465976100954	0.9999592194255671	0.9930379516231687	0.9961382136942385	0.9999962809163165	6	183
C03_Tissue_control	P08_Blood_severe_disease	37502	2190		1000	375.1999893339022	2190.0	0.9999125177327323	1.0	0.9987955577630286	1.0	0.999967613227451	1	13
C03_Tissue_control	P07_Tissue_severe_disease	37502	74498		1000	37502.0	25584.098177132273	0.9993580286136422	0.9994715720712346	0.9897408968202138	0.9932669503010396	0.9998080506160415	14	317
C03_Tissue_control	P06_Blood_moderate_disease	37502	123551		1000	37502.0	7378.318394832903	0.9998568669718699	0.9999999999999998	0.985883401304365	0.9980362468469418	0.9999971357597861	8	650
C04_Blood_control	C04_Blood_control	16756	16756		1000	nan	nan	0	0	0	0	0	14355	14041
C03_Tissue_control	P09_Tissue_severe_disease	37502	64693		1000	37502.0	25558.610359698887	0.9999230951698305	1.0	0.9906479380429322	0.9947909040826614	0.9999994494602463	3	292
C03_Tissue_control	P09_Blood_severe_disease	37502	56652		1000	37502.0	14685.172068064676	0.9997504953208982	0.9998642028127923	0.9872555946059531	0.9933436234583308	0.99999222288623	8	395
C03_Tissue_control	P07_Blood_severe_disease	37502	110134		1000	37502.0	6849.067753827156	0.9995469535525189	0.9996074270244151	0.9845547867900533	0.996514228482165	0.9999278247154137	18	675
C03_Tissue_control	P08_Tissue_severe_disease	37502	96813		1000	37502.0	18114.75244027145	0.9998809850127932	0.999948673153113	0.9890211436028361	0.9967472885358579	0.9999965848753407	5	444
C04_Blood_control	P01_Blood_mild_disease	16756	7454		1000	494.23454285032227	7454.0	0.9999136728861066	1.0	0.9943231301822186	0.9996103385634992	0.999961213204782	1	53
C04_Blood_control	C04_Tissue_control	16756	41880		1000	16756.0	5931.015854823305	0.999673326904262	1.0	0.9906705851315569	0.9983996229199534	0.9999622649651769	7	188
C04_Blood_control	P02_Blood_mild_disease	16756	22352		1000	16756.0	5279.72924123121	0.9993561983802759	0.9994623669999484	0.9896566293038835	0.9940898665368607	0.9998252951967931	9	146
C04_Blood_control	P02_Tissue_mild_disease	16756	24772		1000	16756.0	9133.548683998062	0.9995182396935071	0.9995813339154644	0.9913628420845756	0.9948772934647139	0.9999820473039691	6	118
C04_Blood_control	P04_Blood_moderate_disease	16756	19987		1000	16756.0	3059.1206284084656	0.9999454500597065	1.0	0.991510295291406	0.996725688768932	0.9999768092878804	1	132
C04_Blood_control	P01_Tissue_mild_disease	16756	58157		1000	16756.0	2068.3894286156437	0.9995861246963219	1.0	0.9869299251553086	0.9976295756652215	0.999841580234634	12	315
C04_Blood_control	P05_Blood_moderate_disease	16756	16115		1000	3872.947302458821	16115.0	0.9994327039842013	0.9998594503368952	0.9908581084397442	0.9963891007143617	0.9999034752490374	7	117
C04_Blood_control	P03_Blood_moderate_disease	16756	140571		1000	16756.0	10095.725121113173	0.9994491783260658	0.9995783501245772	0.9921241464278018	0.9988870342202244	0.9999669656319297	11	306
C04_Blood_control	P04_Tissue_moderate_disease	16756	77738		1000	16756.0	3867.946435462708	0.9995365332299575	1.0	0.9887182443701269	0.9982242288826052	0.9998403435676075	14	286
C04_Blood_control	P03_Tissue_moderate_disease	16756	96430		1000	16756.0	3721.8372290780876	0.9996303239053946	1.0	0.9868909050320118	0.9989942962134984	0.9999541536343436	15	406
C04_Blood_control	P05_Tissue_moderate_disease	16756	45102		1000	16756.0	8278.434393153297	0.9996957922246003	0.9998733353717608	0.9917396786972923	0.9978602149409246	0.9999806241606548	7	165
C04_Blood_control	P06_Tissue_moderate_disease	16756	46182		1000	16756.0	7942.972413494435	0.9997515515360542	0.9998722415721467	0.9927491710510561	0.9977067380476075	0.9999794946686712	5	143
C04_Blood_control	P08_Blood_severe_disease	16756	2190		1000	72.93029362616376	2190.0	0.9998666510088156	1.0	0.9955828691592918	1.0	0.9999353323199504	1	21
C04_Blood_control	P07_Tissue_severe_disease	16756	74498		1000	16756.0	7559.74544283068	0.999491905016369	0.999611838095853	0.9883443908262335	0.9955877517998464	0.999945392999366	10	244
C04_Blood_control	P06_Blood_moderate_disease	16756	123551		1000	16756.0	2678.497138833356	0.9997749258402118	1.0	0.9860994939335925	1.0	0.9999913603650372	10	487
C04_Blood_control	P09_Tissue_severe_disease	16756	64693		1000	16756.0	7981.070347641939	0.9997168068396803	0.9998615545390973	0.9903884251745902	0.9971320545899501	0.9999953448887502	6	221
C04_Blood_control	P09_Blood_severe_disease	16756	56652		1000	16756.0	2608.1057685518604	0.99956620955874	1.0	0.9868240756825783	0.9990767362784987	0.9999724645309916	10	307
C04_Blood_control	P08_Tissue_severe_disease	16756	96813		1000	16756.0	6179.15684877031	0.9998221211168947	1.0	0.9902025416798907	0.9983064366306469	0.9999896965349875	6	306
C04_Blood_control	P07_Blood_severe_disease	16756	110134		1000	16756.0	1896.601376504985	0.9996811360131937	0.9997615231218915	0.9843042275665209	0.9994492404908973	0.9999140074682802	11	531
C04_Tissue_control	C04_Tissue_control	41880	41880		1000	nan	nan	0	0	0	0	0	25842	25190
C04_Tissue_control	P01_Blood_mild_disease	41880	7454		1000	1895.5372492836677	7454.0	0.9995853054015217	1.0	0.9931167694213237	0.9994933673991593	0.9999066382554749	6	105
C04_Tissue_control	P02_Blood_mild_disease	41880	22352		1000	11026.559694364852	22352.0	0.9992591480779306	0.9992325928638452	0.9888595374643766	0.9943543776593937	0.9999220938561079	14	247
C04_Tissue_control	P01_Tissue_mild_disease	41880	58157		1000	41880.0	16330.153893770312	0.9994424399920419	0.9994797107004915	0.9863997663045295	0.992535449193704	0.999927518946262	19	454
C04_Tissue_control	P02_Tissue_mild_disease	41880	24772		1000	12220.380133715378	24772.0	0.9992063701324498	0.9994297590100281	0.9893903436543643	0.9935364204599874	0.9999835707576442	17	216
C04_Tissue_control	P05_Blood_moderate_disease	41880	16115		1000	5704.12511938873	16115.0	0.9994416170109263	0.9998960706983587	0.9909738401348898	0.9978810901637848	0.999968848441132	12	184
C04_Tissue_control	P04_Blood_moderate_disease	41880	19987		1000	7074.67258834766	19987.0	0.999951125118664	0.9999999999999998	0.991163527533461	0.9986692768221413	0.9999945324417652	1	201
C04_Tissue_control	P03_Blood_moderate_disease	41880	140571		1000	41880.0	26255.775657852617	0.9997333180852327	0.9999194220798002	0.9910068933199084	0.9990160688815745	0.9999986991794265	13	494
C04_Tissue_control	P04_Tissue_moderate_disease	41880	77738		1000	41880.0	22989.877794643548	0.9994524935866522	0.9994698971137458	0.9879112728227497	0.9925678497021561	0.9999417426883721	17	463
C04_Tissue_control	P03_Tissue_moderate_disease	41880	96430		1000	41880.0	13681.031629161049	0.9993105498345323	0.9997208514331092	0.9854267659778608	0.9964080374527151	0.9999631783654571	31	608
C04_Tissue_control	P05_Tissue_moderate_disease	41880	45102		1000	41880.0	26425.94386058268	0.9990453580857404	0.9990593855468373	0.9864383631659833	0.9907475987126451	0.9999128002589549	18	306
C04_Tissue_control	P06_Tissue_moderate_disease	41880	46182		1000	41880.0	26374.733012862154	0.9995406562889254	0.9996619628668731	0.9920229368152161	0.9955742795501199	0.9999786289673749	12	226
C04_Tissue_control	P08_Blood_severe_disease	41880	2190		1000	351.560888252149	2190.0	0.9995824812488758	1.0	0.9973383466037797	1.0	0.9998505707493252	3	26
C04_Tissue_control	P07_Tissue_severe_disease	41880	74498		1000	41880.0	28570.797068377673	0.9992107884246951	0.9993148741481344	0.9882200432632208	0.9925298545559466	0.9999489229045653	22	383
P01_Blood_mild_disease	P01_Blood_mild_disease	7454	7454		1000	nan	nan	0	0	0	0	0	6533	6301
C04_Tissue_control	P06_Blood_moderate_disease	41880	123551		1000	41880.0	10166.707189743507	0.9996970650473453	0.9998605045750486	0.9839029539375282	0.9958815044180221	0.9999937048694375	16	769
C04_Tissue_control	P08_Tissue_severe_disease	41880	96813		1000	41880.0	20229.47661987543	0.9993055848399522	0.999417474310563	0.9868747726082582	0.9945976927085244	0.9994916762006083	16	508
C04_Tissue_control	P07_Blood_severe_disease	41880	110134		1000	41880.0	7648.630940490675	0.9994380031753725	0.9998031120441307	0.9826620953102012	0.9969163068017715	0.9999673238232746	27	823
C04_Tissue_control	P09_Blood_severe_disease	41880	56652		1000	41880.0	16399.525524253335	0.9995239788796271	0.9995271000893445	0.9859759461217026	0.9926618939906335	0.9999851013865644	16	474
P01_Blood_mild_disease	P02_Blood_mild_disease	7454	22352		1000	7454.0	1019.4558876163206	0.9995609990037312	1.0	0.9925709640487557	0.9989065565965741	0.9998666081240902	5	75
C04_Tissue_control	P09_Tissue_severe_disease	41880	64693		1000	41880.0	28542.33379190948	0.9992515046200722	0.9993038547346104	0.9857721068486807	0.9906705377573174	0.9999838981029837	17	401
P01_Blood_mild_disease	P01_Tissue_mild_disease	7454	58157		1000	7454.0	408.4787385869285	0.999574207436127	1.0	0.9924917104072313	1.0	0.9997205532273358	9	131
P01_Blood_mild_disease	P02_Tissue_mild_disease	7454	24772		1000	7454.0	2488.7790247053126	0.9993743338439558	1.0	0.9936821736819524	0.9975084440495364	0.9999459966500922	6	55
P01_Blood_mild_disease	P04_Blood_moderate_disease	7454	19987		1000	7454.0	319.6116475709211	0.999900122031743	1.0	0.9937984110057287	0.9985443734456384	0.99991196620858	1	64
P01_Blood_mild_disease	P03_Blood_moderate_disease	7454	140571		1000	7454.0	4353.694688093561	0.9997643360448922	1.0	0.9955195290194454	1.0	0.9999959261731745	8	145
P01_Blood_mild_disease	P05_Blood_moderate_disease	7454	16115		1000	7454.0	1162.3892026062674	0.9990688626942522	0.999686446961068	0.9922893312985962	0.998290870480557	0.9998251911205808	8	67
P01_Blood_mild_disease	P05_Tissue_moderate_disease	7454	45102		1000	7454.0	2524.1661567114543	0.9994620560193747	0.9997320933674355	0.9928819302458346	0.9979807294228519	0.9998825257611225	7	92
P01_Blood_mild_disease	P04_Tissue_moderate_disease	7454	77738		1000	7454.0	869.6876688363477	0.999556064741006	1.0	0.992485528412407	0.9991547679095114	0.9997166845671726	8	143
P01_Blood_mild_disease	P06_Tissue_moderate_disease	7454	46182		1000	7454.0	2526.6319345199427	0.9996509117747536	1.0	0.9952700064816773	1.0	0.9999180651414462	6	77
P01_Blood_mild_disease	P03_Tissue_moderate_disease	7454	96430		1000	7454.0	1193.1965570880432	0.999649504661461	1.0	0.9924057405253972	0.9989782279276737	0.9998698651954505	9	172
P01_Blood_mild_disease	P08_Blood_severe_disease	7454	2190		1000	102.24309095787497	2190.0	0.9993662123025626	0.9999999999999998	0.9973908959794738	1.0	0.9994495326393209	2	9
P01_Blood_mild_disease	P07_Tissue_severe_disease	7454	74498		1000	7454.0	2552.5382426373862	0.999455681916606	0.9997845240202622	0.9933806955101392	0.9990997142054151	0.999921730064681	9	109
P01_Blood_mild_disease	P06_Blood_moderate_disease	7454	123551		1000	7454.0	1059.9616838390623	0.9999141801405542	1.0	0.9924179850178309	1.0	0.9999944270438897	3	200
P01_Blood_mild_disease	P09_Tissue_severe_disease	7454	64693		1000	7454.0	2577.0355989056	0.9994693743982498	0.9995307374524839	0.9934391357195268	0.9982275900574215	0.9999727488661747	5	101
P01_Blood_mild_disease	P08_Tissue_severe_disease	7454	96813		1000	7454.0	2143.892142584157	0.9999144682015827	1.0	0.9938299550588623	0.9990670928536924	0.9999925266053826	3	133
P01_Blood_mild_disease	P09_Blood_severe_disease	7454	56652		1000	7454.0	983.5248534914919	0.9996450036185217	1.0	0.9917652958817929	0.999685664910524	0.9999580717760167	5	145
P01_Tissue_mild_disease	P01_Tissue_mild_disease	58157	58157		1000	nan	nan	0	0	0	0	0	43724	42580
P01_Blood_mild_disease	P07_Blood_severe_disease	7454	110134		1000	7454.0	622.3285270670275	0.9996432600789668	1.0	0.9906132971367259	0.999464681525324	0.9998702119672909	8	233
P01_Tissue_mild_disease	P02_Blood_mild_disease	58157	22352		1000	4029.7938339322864	22352.0	0.9994479973501902	0.9998021808430926	0.9845895406872799	0.996640521163861	0.9999060249135893	16	401
P01_Tissue_mild_disease	P02_Tissue_mild_disease	58157	24772		1000	4466.090410440704	24772.0	0.999183024884886	0.999279192040502	0.9878014080327121	0.996786983253322	0.999978787780821	20	309
P01_Tissue_mild_disease	P05_Blood_moderate_disease	58157	16115		1000	1989.2632873084926	16115.0	0.9996179330778188	0.9999999999999998	0.9880195683720737	0.9988963229897607	0.9999760806818285	12	295
P01_Tissue_mild_disease	P04_Blood_moderate_disease	58157	19987		1000	3603.413088708152	19987.0	0.9997911964153224	0.9999999999999998	0.9868620294906854	0.9978213545028637	0.9998627176085759	7	346
P01_Tissue_mild_disease	P03_Blood_moderate_disease	58157	140571		1000	58157.0	37218.6430842777	0.9997830223536532	0.9999766236744145	0.9874436766153568	0.9988478650713372	0.9999995063567912	17	836
P01_Tissue_mild_disease	P05_Tissue_moderate_disease	58157	45102		1000	17586.499544336883	45102.0	0.9992884817616593	0.9995395884152664	0.9860013170721281	0.9924186688884404	0.9999716983595067	26	460
P01_Tissue_mild_disease	P04_Tissue_moderate_disease	58157	77738		1000	58157.0	31925.079343435646	0.9992732020952377	0.9994158646856561	0.9804977774695082	0.9882695277657391	0.9997257251938924	34	829
P01_Tissue_mild_disease	P03_Tissue_moderate_disease	58157	96430		1000	58157.0	29217.21315980504	0.9994863755423423	0.9997463427028882	0.9791074663525665	0.9890965160459207	0.9999544360181953	30	1030
P01_Tissue_mild_disease	P06_Tissue_moderate_disease	58157	46182		1000	18007.620991454165	46182.0	0.9995866076979456	0.9996906926400946	0.9873772533951103	0.9940641725095658	0.9999751843002244	14	435
P01_Tissue_mild_disease	P08_Blood_severe_disease	58157	2190		1000	38.635761817150126	2190.0	0.9998400758122855	1.0	0.9966301012849225	0.9999999999999998	0.999933707737618	3	38
P01_Tissue_mild_disease	P06_Blood_moderate_disease	58157	123551		1000	58157.0	14118.07999125867	0.9995881470046802	0.9997849017726221	0.9762694218878767	0.9942706693596738	0.9999907153343639	26	1341
P02_Blood_mild_disease	P02_Blood_mild_disease	22352	22352		1000	nan	nan	0	0	0	0	0	17610	17156
P01_Tissue_mild_disease	P07_Tissue_severe_disease	58157	74498		1000	58157.0	39675.06793470966	0.9996778622419159	0.99967244738132	0.984454020337793	0.9901826133715984	0.9999800072381227	11	586
P01_Tissue_mild_disease	P08_Tissue_severe_disease	58157	96813		1000	58157.0	36453.77571193951	0.9996108858713315	0.9997243003510337	0.9826067282115015	0.9905103091102063	0.9999629448167809	18	831
P02_Blood_mild_disease	P02_Tissue_mild_disease	22352	24772		1000	22352.0	12183.87921847247	0.9140402587954395	0.9074589309322368	0.9033640103869796	0.901428781211233	0.9368337902045994	561	701
P01_Tissue_mild_disease	P09_Tissue_severe_disease	58157	64693		1000	58157.0	39635.54217612415	0.9995407520370272	0.9997325177579421	0.9845675075912591	0.9908825357087064	0.9999963008131758	19	562
P01_Tissue_mild_disease	P09_Blood_severe_disease	58157	56652		1000	22090.159464896744	56652.0	0.9995018235834255	0.999754071329062	0.9798395437155829	0.9897268761660228	0.9999817258225411	21	785
P01_Tissue_mild_disease	P07_Blood_severe_disease	58157	110134		1000	58157.0	19606.746417999893	0.9994667426589514	0.9996203921713944	0.9765219687587645	0.9871573236823715	0.9999089917518792	33	1254
P02_Blood_mild_disease	P04_Blood_moderate_disease	22352	19987		1000	6297.800688976377	19987.0	0.9997452071969967	0.9997393283960614	0.9893050413161252	0.9955045407183043	0.9999365657729422	4	170
P02_Blood_mild_disease	P03_Blood_moderate_disease	22352	140571		1000	22352.0	13617.65678553898	0.9995260548791641	0.9998223149727327	0.9908739694057916	0.9995886948030449	0.9999831926937934	16	387
P02_Blood_mild_disease	P05_Blood_moderate_disease	22352	16115		1000	5077.75344488189	16115.0	0.9994026808368033	0.9998442427251659	0.9878267255353379	0.9934137521801124	0.9999506683581908	10	154
P02_Blood_mild_disease	P03_Tissue_moderate_disease	22352	96430		1000	22352.0	5416.8193300839985	0.999433459802764	0.9998043541850394	0.9842389590179201	0.9967102689255055	0.99994336089412	19	492
P02_Blood_mild_disease	P05_Tissue_moderate_disease	22352	45102		1000	22352.0	11043.182475278258	0.9993299425602639	0.9996607366715287	0.9872844895420384	0.9944556856033349	0.9999437986600528	15	242
P02_Blood_mild_disease	P06_Tissue_moderate_disease	22352	46182		1000	22352.0	10595.686284699666	0.9996696523708684	0.9999121441661206	0.99079715688905	0.9969902507059777	0.9999595378317744	7	195
P02_Blood_mild_disease	P04_Tissue_moderate_disease	22352	77738		1000	22352.0	6174.129717769945	0.9995370664202352	0.9995981729885774	0.9870363031528018	0.996505265660751	0.9999261086519955	14	368
P02_Blood_mild_disease	P08_Blood_severe_disease	22352	2190		1000	196.54348604151753	2190.0	0.999760839259535	1.0	0.9977001293778418	0.9999999999999998	0.9998934050134004	2	16
P02_Blood_mild_disease	P07_Tissue_severe_disease	22352	74498		1000	22352.0	11000.179548444254	0.9993892748634888	0.9995113436257113	0.9884144793474079	0.9955828127545522	0.9999394505265763	13	284
P02_Blood_mild_disease	P06_Blood_moderate_disease	22352	123551		1000	22352.0	3836.082330373692	0.9996226490891104	0.9999999999999998	0.9838302531267946	0.9980988795601384	0.99997900836467	15	583
P02_Tissue_mild_disease	P02_Tissue_mild_disease	24772	24772		1000	nan	nan	0	0	0	0	0	14277	13842
P02_Blood_mild_disease	P09_Tissue_severe_disease	22352	64693		1000	22352.0	12126.66742924273	0.9993590226062201	0.9997553924083887	0.9876877460389697	0.9943039756433258	0.9999915061172492	18	288
P02_Blood_mild_disease	P09_Blood_severe_disease	22352	56652		1000	22352.0	4014.143331215138	0.9992608763695446	0.9996541473683552	0.985962083489554	0.99787730535902	0.9999579726022588	18	368
P02_Blood_mild_disease	P07_Blood_severe_disease	22352	110134		1000	22352.0	2995.785788221621	0.9995605753891307	0.9997807313852176	0.9826963759618383	0.9974870625579721	0.9999492651729106	16	607
P02_Blood_mild_disease	P08_Tissue_severe_disease	22352	96813		1000	22352.0	8785.372873477736	0.999858119691943	1.0	0.9875585339364944	0.9970310997823922	0.9999941671435402	6	401
P02_Tissue_mild_disease	P03_Blood_moderate_disease	24772	140571		1000	24772.0	15206.202616471392	0.999633844557349	1.0	0.9927875319012877	0.9997289510456103	0.9999988821876613	19	314
P02_Tissue_mild_disease	P04_Blood_moderate_disease	24772	19987		1000	10894.738454706927	19987.0	0.9999551730136211	0.9999999999999998	0.9916975535185368	0.9955214945953089	0.9999992320408211	1	128
P02_Tissue_mild_disease	P05_Blood_moderate_disease	24772	16115		1000	8784.145204262877	16115.0	0.999361129575441	0.9996721356027132	0.9881929048578886	0.991763439140834	0.9999850885020232	10	135
P02_Tissue_mild_disease	P03_Tissue_moderate_disease	24772	96430		1000	24772.0	6794.51029762522	0.9993374422971769	0.9995613627851047	0.9881035897909999	0.9980271372292537	0.9999853387181785	21	376
P02_Tissue_mild_disease	P04_Tissue_moderate_disease	24772	77738		1000	24772.0	6842.588643906455	0.9994414751300473	0.9997228216432853	0.9897678362627561	0.9976573810738224	0.9999883765731806	15	282
P02_Tissue_mild_disease	P05_Tissue_moderate_disease	24772	45102		1000	24772.0	15630.93317369518	0.999332023039809	0.9997203678691241	0.9892654147360378	0.9925053467567362	0.9999870591259733	15	162
P02_Tissue_mild_disease	P06_Tissue_moderate_disease	24772	46182		1000	24772.0	15600.64198172448	0.9994635407708393	0.9996288521539047	0.9929832026989431	0.9962438658890586	0.999987656420942	10	150
P02_Tissue_mild_disease	P08_Blood_severe_disease	24772	2190		1000	478.9851445180042	2190.0	0.999898991322984	1.0	0.9976777768651492	1.0	0.9999936930310819	1	16
P02_Tissue_mild_disease	P07_Tissue_severe_disease	24772	74498		1000	24772.0	12191.143869634085	0.9990187187462044	0.9990089314623671	0.9914309654320429	0.9973521960432519	0.9999665442591791	16	221
P02_Tissue_mild_disease	P06_Blood_moderate_disease	24772	123551		1000	24772.0	4483.98643475164	0.9995736063559288	0.9998111051324744	0.9876717957625158	0.9982045373357631	0.9999842866662227	14	448
P02_Tissue_mild_disease	P09_Tissue_severe_disease	24772	64693		1000	24772.0	13439.594020991452	0.9991634996037994	0.9995211354339559	0.989678316828289	0.9960881089557577	0.9999918521788858	20	247
P03_Blood_moderate_disease	P03_Blood_moderate_disease	140571	140571		1000	nan	nan	0	0	0	0	0	46495	43724
P02_Tissue_mild_disease	P09_Blood_severe_disease	24772	56652		1000	24772.0	4448.745463531737	0.9990385758605554	0.9996250240484508	0.9884340604760812	0.9976171251238407	0.9999833511269143	23	294
P02_Tissue_mild_disease	P08_Tissue_severe_disease	24772	96813		1000	24772.0	10620.848191875059	0.9998464673204394	1.0	0.9903165338699674	0.9977466245377711	0.9999987047300762	7	317
P02_Tissue_mild_disease	P07_Blood_severe_disease	24772	110134		1000	24772.0	3320.1326747416783	0.999542328945299	0.9997964231109904	0.9865694183908392	0.9992924842589108	0.9999931717513432	17	478
P03_Blood_moderate_disease	P04_Blood_moderate_disease	140571	19987		1000	12106.146559389917	19987.0	0.9998326971773246	0.9999999999999998	0.9917794490551592	0.9996561463720746	0.999999385487968	10	379
P03_Blood_moderate_disease	P05_Blood_moderate_disease	140571	16115		1000	9709.513626565935	16115.0	0.9994791531202986	0.9999096613083039	0.9905711420860075	0.9978394148915591	0.9999966504948595	19	314
P03_Blood_moderate_disease	P05_Tissue_moderate_disease	140571	45102		1000	28275.74006018311	45102.0	0.9997070717484803	0.9998989581014519	0.9911261491515985	0.9988218954390364	0.999998854288347	16	458
P03_Blood_moderate_disease	P04_Tissue_moderate_disease	140571	77738		1000	56248.90762675089	77738.0	0.9997092517924265	0.9999256908528976	0.988527887086098	0.9956487772013691	0.9999991975354593	23	782
P03_Blood_moderate_disease	P03_Tissue_moderate_disease	140571	96430		1000	69773.88358907598	96430.0	0.8586834940318658	0.8521971369456377	0.8425009366759034	0.8448288692859338	0.9442961271101945	2283	3152
P03_Blood_moderate_disease	P06_Tissue_moderate_disease	140571	46182		1000	28952.82310007043	46182.0	0.9998725313334443	1.0	0.992534912782447	0.9994267714650612	0.9999993495191831	8	410
P03_Blood_moderate_disease	P08_Blood_severe_disease	140571	2190		1000	1189.169174296263	2190.0	0.9998539734492782	0.9999999999999998	0.9983646566328436	0.9999999999999998	0.9999968606549122	4	45
P03_Blood_moderate_disease	P07_Tissue_severe_disease	140571	74498		1000	53904.53986953212	74498.0	0.9995983132984604	0.9998037497198998	0.9904409200086665	0.9961532677525208	0.9999982074355598	24	600
P03_Blood_moderate_disease	P06_Blood_moderate_disease	140571	123551		1000	89397.83357164706	123551.0	0.9997907204702227	0.9999544072952861	0.9840207950610865	0.9938929327660098	0.9999997110746249	22	1362
P03_Blood_moderate_disease	P07_Blood_severe_disease	140571	110134		1000	79689.69091775686	110134.0	0.9995799953095399	0.9998346435576545	0.9836531634587361	0.9940467734879855	0.999981316668548	36	1351
P03_Tissue_moderate_disease	P03_Tissue_moderate_disease	96430	96430		1000	nan	nan	0	0	0	0	0	60391	57114
P03_Blood_moderate_disease	P09_Tissue_severe_disease	140571	64693		1000	41401.47664169708	64693.0	0.9997180645412569	0.9998461236439551	0.9902170127257937	0.9980145379117309	0.999999148986893	17	574
P03_Blood_moderate_disease	P09_Blood_severe_disease	140571	56652		1000	36255.49062039823	56652.0	0.9997697986173801	0.9999495281951986	0.987511300273391	0.9989106728255702	0.9999994456419837	16	778
P03_Blood_moderate_disease	P08_Tissue_severe_disease	140571	96813		1000	70051.0110122287	96813.0	0.9999290555333878	0.9999798480841215	0.9874354671778434	0.9947832800569462	0.999999892794403	7	914
P03_Tissue_moderate_disease	P04_Blood_moderate_disease	96430	19987		1000	4843.681458052473	19987.0	0.9997200174298453	0.9999999999999998	0.986515496737361	0.9980972785273439	0.9999573059590595	10	446
P03_Tissue_moderate_disease	P05_Blood_moderate_disease	96430	16115		1000	3579.45851913305	16115.0	0.9992420656500743	0.9995790058460925	0.987449211900752	0.9965276660591877	0.9999360410923469	18	346
P03_Tissue_moderate_disease	P05_Tissue_moderate_disease	96430	45102		1000	14733.56944934149	45102.0	0.9993575256165017	0.9997958012219479	0.9836095726363197	0.9952694223735616	0.9999782026298036	30	649
P03_Tissue_moderate_disease	P04_Tissue_moderate_disease	96430	77738		1000	39054.41677901068	77738.0	0.9995920550188058	0.9996895271572702	0.9819379265594865	0.9906387109968228	0.9999635602312487	23	968
P03_Tissue_moderate_disease	P06_Tissue_moderate_disease	96430	46182		1000	15086.375422586332	46182.0	0.9996820046250554	0.9999242654370825	0.987831228113677	0.996414581135619	0.9999886506790803	15	486
P03_Tissue_moderate_disease	P08_Blood_severe_disease	96430	2190		1000	225.17733070621176	2190.0	0.9999282439692451	1.0	0.9973000027842849	1.0	0.9999823212809685	2	52
P03_Tissue_moderate_disease	P07_Tissue_severe_disease	96430	74498		1000	37426.68889349788	74498.0	0.9990068555271931	0.999221498446496	0.9839445688760678	0.9912394331177815	0.9996773669023915	38	769
P04_Blood_moderate_disease	P04_Blood_moderate_disease	19987	19987		1000	nan	nan	0	0	0	0	0	17913	17498
P03_Tissue_moderate_disease	P06_Blood_moderate_disease	96430	123551		1000	96430.0	46619.29349013768	0.9995793178862573	0.9996764749706146	0.975499478756567	0.9846020272389973	0.9999939301402022	33	1645
P03_Tissue_moderate_disease	P07_Blood_severe_disease	96430	110134		1000	96430.0	32509.90520638495	0.9992215445843411	0.999378817018368	0.9734977510606396	0.9877451703861879	0.9997441881295251	52	1724
P04_Blood_moderate_disease	P05_Blood_moderate_disease	19987	16115		1000	2942.094111172262	16115.0	0.9998888453326797	1.0	0.9900982446069548	0.9973729185937622	0.9999902471508914	2	146
P03_Tissue_moderate_disease	P08_Tissue_severe_disease	96430	96813		1000	96430.0	60443.92922438102	0.9997778690818595	0.9998334918950548	0.9814065054852136	0.989275117821689	0.9999954952602575	15	1042
P03_Tissue_moderate_disease	P09_Blood_severe_disease	96430	56652		1000	28461.123509281344	56652.0	0.9994165565056119	0.9997022652657036	0.9797136564228883	0.9889036484229324	0.9999819568964036	31	942
P03_Tissue_moderate_disease	P09_Tissue_severe_disease	96430	64693		1000	32500.802499222234	64693.0	0.999336193511034	0.9996009985261634	0.9822248165810977	0.9888421073122958	0.9999919773884666	31	780
P04_Blood_moderate_disease	P04_Tissue_moderate_disease	19987	77738		1000	19987.0	5520.86303995472	0.9600972269208097	0.9548268465272115	0.9479122200111609	0.9520667679452487	0.9186908552128172	659	999
P04_Blood_moderate_disease	P05_Tissue_moderate_disease	19987	45102		1000	19987.0	9874.735510620372	0.9999357550141645	0.9999999999999998	0.9907734677001898	0.996930968789868	0.9999973393525711	2	199
P04_Blood_moderate_disease	P06_Tissue_moderate_disease	19987	46182		1000	19987.0	9474.587588237842	0.9998134089961166	0.9998659217308598	0.991998969937993	0.9973556803593319	0.999970691563998	3	169
P04_Blood_moderate_disease	P08_Blood_severe_disease	19987	2190		1000	26.954520438284884	2190.0	0.9999999999999996	1.0	0.9976514728713786	1.0	1.0	0	15
P04_Blood_moderate_disease	P07_Tissue_severe_disease	19987	74498		1000	19987.0	9836.282598190555	0.9997181295978224	0.9999999999999998	0.988858789292481	0.9967778510437698	0.9999820363767528	9	289
P04_Blood_moderate_disease	P06_Blood_moderate_disease	19987	123551		1000	19987.0	3299.162920575309	0.9998090442926815	0.9998873783698856	0.9856533769084608	0.9991606318345313	0.9999914179246443	7	551
P04_Blood_moderate_disease	P09_Tissue_severe_disease	19987	64693		1000	19987.0	9520.031811787983	0.9997467195974181	0.9999999999999998	0.9899967703859208	0.9972159670876513	0.9999973641149627	8	256
P04_Blood_moderate_disease	P09_Blood_severe_disease	19987	56652		1000	19987.0	3589.418520087552	0.9996544581610134	0.9999999999999998	0.9864615900597284	0.9980040427391436	0.99998182371978	10	343
P04_Blood_moderate_disease	P08_Tissue_severe_disease	19987	96813		1000	19987.0	7855.818164915869	0.9997186026078945	0.9999999999999996	0.9892765217140553	0.9982576292444094	0.9999852125811874	11	360
P04_Blood_moderate_disease	P07_Blood_severe_disease	19987	110134		1000	19987.0	2431.0916883069713	0.9996501044773479	0.9998775636002365	0.9836081415196436	0.9986925892821372	0.9998941988179696	14	601
P04_Tissue_moderate_disease	P04_Tissue_moderate_disease	77738	77738		1000	nan	nan	0	0	0	0	0	47419	46069
P04_Tissue_moderate_disease	P05_Blood_moderate_disease	77738	16115		1000	3719.9783246288816	16115.0	0.9995797022486466	0.999658548995871	0.9886046136407161	0.9981980209843717	0.9999565199524616	10	288
P04_Tissue_moderate_disease	P05_Tissue_moderate_disease	77738	45102		1000	24758.583292598214	45102.0	0.9996055439246803	0.9996964872397137	0.9873279569919724	0.992215418879272	0.9999775837552141	14	465
P04_Tissue_moderate_disease	P08_Blood_severe_disease	77738	2190		1000	67.38634901849804	2190.0	0.9995134019290117	1.0	0.996915199410715	0.9999999999999998	0.9996066840551773	4	40
P04_Tissue_moderate_disease	P06_Tissue_moderate_disease	77738	46182		1000	25351.44547068358	46182.0	0.9997117486801133	0.9998143366268921	0.9891693960589929	0.9937336490198713	0.9999783681354559	9	409
P04_Tissue_moderate_disease	P07_Tissue_severe_disease	77738	74498		1000	40895.413465743906	74498.0	0.9994120982723258	0.9994956849158292	0.986698321945909	0.992548053349597	0.9999510074642552	21	585
P04_Tissue_moderate_disease	P06_Blood_moderate_disease	77738	123551		1000	77738.0	37582.605385630224	0.9995950800094034	0.9996797754703599	0.9790844684274435	0.9867685095915979	0.9999919237263669	27	1254
P05_Blood_moderate_disease	P05_Blood_moderate_disease	16115	16115		1000	nan	nan	0	0	0	0	0	12681	12347
P04_Tissue_moderate_disease	P08_Tissue_severe_disease	77738	96813		1000	77738.0	48727.472467540516	0.9996570200820665	0.9997800822641456	0.9844766601537944	0.9918138797503973	0.999986512487764	20	799
P05_Blood_moderate_disease	P05_Tissue_moderate_disease	16115	45102		1000	16115.0	7961.74327080839	0.9348668515228322	0.9285311117064182	0.9246677500593075	0.9240526515099173	0.9014618749001673	498	657
P04_Tissue_moderate_disease	P07_Blood_severe_disease	77738	110134		1000	77738.0	26208.182214393375	0.9993156090699363	0.9994940115192654	0.9778138224421768	0.9892330778221953	0.9998933410893407	44	1303
P04_Tissue_moderate_disease	P09_Blood_severe_disease	77738	56652		1000	31098.914919344465	56652.0	0.9995078397516444	0.9996234082990364	0.9829143929144645	0.9895859453103344	0.9999830768817894	21	733
P04_Tissue_moderate_disease	P09_Tissue_severe_disease	77738	64693		1000	35512.99341377447	64693.0	0.9996060591656187	0.9997229212006482	0.9856319663019396	0.9900597910169608	0.9999961329371687	15	567
P05_Blood_moderate_disease	P06_Tissue_moderate_disease	16115	46182		1000	16115.0	7639.114373565459	0.999494627204775	0.9996862348909037	0.9928028275712935	0.9980927419346107	0.9999744907238843	10	145
P05_Blood_moderate_disease	P08_Blood_severe_disease	16115	2190		1000	249.5091529630779	2190.0	0.999725971778941	1.0	0.997670760120998	1.0	0.9998780400521516	1	16
P05_Blood_moderate_disease	P07_Tissue_severe_disease	16115	74498		1000	16115.0	7270.547732825043	0.9986068850594257	0.9988778870878879	0.9900736922022012	0.9965408208909892	0.9998504398828418	24	226
P05_Blood_moderate_disease	P06_Blood_moderate_disease	16115	123551		1000	16115.0	2576.031355472639	0.999570592470907	1.0	0.9868405198829533	1.0	0.9999879463687636	16	450
P05_Blood_moderate_disease	P09_Tissue_severe_disease	16115	64693		1000	16115.0	6960.340840585535	0.99944954224476	0.9998016760146007	0.9908031279864618	0.9976655555642182	0.9999909616022875	12	208
P05_Tissue_moderate_disease	P05_Tissue_moderate_disease	45102	45102		1000	nan	nan	0	0	0	0	0	22238	21449
P05_Blood_moderate_disease	P08_Tissue_severe_disease	16115	96813		1000	16115.0	5612.194023529898	0.999795363476961	1.0	0.9907239770713692	0.9986115617583581	0.9999942484697061	8	284
P05_Blood_moderate_disease	P09_Blood_severe_disease	16115	56652		1000	16115.0	2508.332803784509	0.9994353039202368	0.999846062336	0.9875209828633492	0.9983864644331852	0.9999779012354759	13	281
P05_Blood_moderate_disease	P07_Blood_severe_disease	16115	110134		1000	16115.0	1824.0469791345088	0.999249263707699	0.9998485663567889	0.9857611511272965	0.9992190574674462	0.9999233156313017	22	483
P05_Tissue_moderate_disease	P06_Tissue_moderate_disease	45102	46182		1000	45102.0	28403.84929193192	0.9992080158336495	0.9994588692687315	0.9909116150313112	0.9947441601638448	0.9999454647161676	20	244
P05_Tissue_moderate_disease	P08_Blood_severe_disease	45102	2190		1000	467.11454037514966	2190.0	0.9997838334237238	1.0	0.997788715558792	1.0	0.9999281028838372	1	21
P05_Tissue_moderate_disease	P06_Blood_moderate_disease	45102	123551		1000	45102.0	10948.873631132083	0.9995625719847699	0.9998021184311268	0.9852547339104472	0.9963641494726864	0.9999938215147626	24	694
P05_Tissue_moderate_disease	P07_Tissue_severe_disease	45102	74498		1000	45102.0	30768.865553437678	0.9991520331252599	0.9992708339323896	0.9893074559581538	0.9928841667699387	0.9999393929339873	22	336
P05_Tissue_moderate_disease	P09_Tissue_severe_disease	45102	64693		1000	45102.0	30738.21248048475	0.9993901558544107	0.9995785827279224	0.9871585827476804	0.9914258483139536	0.9999940141091228	21	364
P05_Tissue_moderate_disease	P09_Blood_severe_disease	45102	56652		1000	45102.0	17661.208218597756	0.9996294116884903	0.9996994082684374	0.9865933863068976	0.9915593917995639	0.9999925925702715	14	410
P05_Tissue_moderate_disease	P08_Tissue_severe_disease	45102	96813		1000	45102.0	21785.813144928885	0.9998298888390631	0.9999218130009537	0.9884932958869072	0.9950116658474679	0.9999972641349788	9	430
P05_Tissue_moderate_disease	P07_Blood_severe_disease	45102	110134		1000	45102.0	8237.071458405215	0.9994317425125971	0.9995358809757939	0.9835508800474714	0.9965836976073424	0.9999721103465982	25	745
P06_Blood_moderate_disease	P06_Blood_moderate_disease	123551	123551		1000	nan	nan	0	0	0	0	0	81883	79497
P06_Blood_moderate_disease	P06_Tissue_moderate_disease	123551	46182		1000	11211.052326569596	46182.0	0.9369262726503387	0.9094705963505111	0.9233452280393365	0.9051691979598881	0.9636372909218716	1379	1962
P06_Blood_moderate_disease	P08_Blood_severe_disease	123551	2190		1000	259.89089525782873	2190.0	0.9999999999999998	0.9999999999999998	0.9971447273022073	0.9999999999999998	1.0	0	60
P06_Tissue_moderate_disease	P06_Tissue_moderate_disease	46182	46182		1000	nan	nan	0	0	0	0	0	22899	22201
P06_Blood_moderate_disease	P07_Tissue_severe_disease	123551	74498		1000	36016.22033006613	74498.0	0.9995518123980645	0.9995949898255839	0.9825194156930257	0.9892233370833061	0.9999903080854932	25	963
P06_Blood_moderate_disease	P09_Blood_severe_disease	123551	56652		1000	13752.729124005471	56652.0	0.9995316628728883	0.999670577953623	0.9772908261695139	0.9939152143866838	0.9999937570543679	27	1218
P06_Blood_moderate_disease	P09_Tissue_severe_disease	123551	64693		1000	31275.971728274155	64693.0	0.9996397442195474	0.9997270088808407	0.9824231076845611	0.9886019155597794	0.9999983502561525	22	942
P06_Tissue_moderate_disease	P08_Blood_severe_disease	46182	2190		1000	499.15421592828375	2190.0	0.9999363961960556	1.0	0.9987938762626941	1.0	0.9999900626557889	1	14
P06_Blood_moderate_disease	P08_Tissue_severe_disease	123551	96813		1000	46804.455674175035	96813.0	0.9997109135336129	0.9998377717519368	0.9789319580619352	0.9866080856116498	0.9999969613946116	24	1386
P06_Tissue_moderate_disease	P07_Tissue_severe_disease	46182	74498		1000	46182.0	31505.648285860025	0.9994078873084181	0.9994908919777598	0.9914412782949356	0.9948889389549025	0.9999613398654665	13	293
P06_Blood_moderate_disease	P07_Blood_severe_disease	123551	110134		1000	53244.52213256065	110134.0	0.9994036705169086	0.9995559110296459	0.9698443764340052	0.9823570037797458	0.9999908767166095	50	2244
P06_Tissue_moderate_disease	P07_Blood_severe_disease	46182	110134		1000	46182.0	8434.314090108413	0.9994640516649163	0.9994498936267253	0.9856577561252219	0.9973173472189506	0.9999638659792238	20	659
P06_Tissue_moderate_disease	P08_Tissue_severe_disease	46182	96813		1000	46182.0	22307.490192432833	0.999857804984195	1.0	0.9893290661743628	0.9965366301304371	0.9999937656074703	7	429
P06_Tissue_moderate_disease	P09_Tissue_severe_disease	46182	64693		1000	46182.0	31474.261202912214	0.9994051737080271	0.9996163788499385	0.9907047331396731	0.9950044858010422	0.9999940623811141	18	305
P06_Tissue_moderate_disease	P09_Blood_severe_disease	46182	56652		1000	46182.0	18084.118618936667	0.9996911309996681	0.9996781984386206	0.9894710286956039	0.99527406449349	0.9999907962846708	9	372
P07_Blood_severe_disease	P07_Blood_severe_disease	110134	110134		1000	nan	nan	0	0	0	0	0	84092	80604
P07_Blood_severe_disease	P08_Blood_severe_disease	110134	2190		1000	119.36885975266493	2190.0	0.9998709003570488	1.0	0.9970354047057228	1.0	0.9999409760513869	3	62
P07_Tissue_severe_disease	P07_Tissue_severe_disease	74498	74498		1000	nan	nan	0	0	0	0	0	32754	30159
P07_Blood_severe_disease	P07_Tissue_severe_disease	110134	74498		1000	25115.86558192747	74498.0	0.8185393537130599	0.7460037141695864	0.7980867497482051	0.7341209723747123	0.6756884907934334	4764	5508
P07_Tissue_severe_disease	P08_Blood_severe_disease	74498	2190		1000	476.78608821713334	2190.0	0.9995724593167576	0.9999999999999998	0.9971307024527356	1.0	0.9998349171434878	3	31
P08_Blood_severe_disease	P08_Blood_severe_disease	2190	2190		1000	nan	nan	0	0	0	0	0	1940	1908
P07_Blood_severe_disease	P08_Tissue_severe_disease	110134	96813		1000	32639.02782065484	96813.0	0.9995272886455856	0.9995438858034015	0.9768658223826496	0.9856578000988799	0.9997400622740918	27	1371
P07_Blood_severe_disease	P09_Tissue_severe_disease	110134	64693		1000	21810.25922966568	64693.0	0.9995327076255911	0.999608876588616	0.9823333406622596	0.9907573089663696	0.9999966274863779	24	902
P07_Tissue_severe_disease	P08_Tissue_severe_disease	74498	96813		1000	74498.0	46696.58653280035	0.9995665242071298	0.9996768973519126	0.9857282460317662	0.991116783200971	0.9999156614532781	17	618
P07_Blood_severe_disease	P09_Blood_severe_disease	110134	56652		1000	19099.358599524217	56652.0	0.9993944405320516	0.9995214513270393	0.976258558415261	0.9868895704478824	0.9999796012645067	33	1257
P08_Blood_severe_disease	P08_Tissue_severe_disease	2190	96813		1000	2190.0	468.5699234606923	0.9999999999999998	0.9999999999999996	0.9984235764806524	1.0	1.0	0	28
P07_Tissue_severe_disease	P09_Tissue_severe_disease	74498	64693		1000	44133.9678783323	64693.0	0.9992563162299885	0.9993466064858364	0.98742839204313	0.9917767297556406	0.9999922664844484	24	450
P07_Tissue_severe_disease	P09_Blood_severe_disease	74498	56652		1000	38648.347552954445	56652.0	0.9992937327143819	0.9993615458386272	0.9859034183499279	0.9912315296605386	0.9999665112288163	20	527
P08_Blood_severe_disease	P09_Blood_severe_disease	2190	56652		1000	2190.0	248.79686507095954	0.9992341118608502	0.9987276463934549	0.9967596042727579	0.9987276463934549	0.9996181238626954	3	34
P08_Blood_severe_disease	P09_Tissue_severe_disease	2190	64693		1000	2190.0	523.6257400336976	0.9986154453158569	0.9982917739977619	0.996066910679433	0.9982917739977619	0.9992541242462686	3	31
P08_Tissue_severe_disease	P08_Tissue_severe_disease	96813	96813		1000	nan	nan	0	0	0	0	0	47634	45970
P09_Blood_severe_disease	P09_Blood_severe_disease	56652	56652		1000	nan	nan	0	0	0	0	0	41323	39314
P09_Tissue_severe_disease	P09_Tissue_severe_disease	64693	64693		1000	nan	nan	0	0	0	0	0	28783	27683
P08_Tissue_severe_disease	P09_Tissue_severe_disease	96813	64693		1000	40550.64931362524	64693.0	0.9995742974036483	0.9996749429534242	0.9856781991378568	0.990770166372561	0.9999495531535538	17	617
P09_Blood_severe_disease	P09_Tissue_severe_disease	56652	64693		1000	56652.0	38609.84465088959	0.8985691252583003	0.8964896542288928	0.8821051169323567	0.8863716391353417	0.9283414337582672	1543	2039
P08_Tissue_severe_disease	P09_Blood_severe_disease	96813	56652		1000	35510.41665891978	56652.0	0.9997103128500461	0.9998115129262054	0.9823958355632648	0.9899858954519221	0.9999922698851287	14	814
